{
    "loss": 0.5780729055404663,
    "accuracy": 0.9051724076271057
}